id;name;email;phone;department;municipality;colony;description;foto;foto_content_type
1;dirty;Florencia49@hotmail.com;933-619-247;joy tank;supposing;ha than ew;yesterday;../fake-data/blob/hipster.png;image/png
2;quicker;Miguel38@hotmail.com;983 074 430;negligible;roundabout;absent writhing;wash leading hungrily;../fake-data/blob/hipster.png;image/png
3;recompense;JoseMaria.RosarioLeon43@hotmail.com;906130496;cuckoo unless dwell;per;yippee inasmuch limply;gah surprisingly scowl;../fake-data/blob/hipster.png;image/png
4;so;Marta_VacaAguirre68@hotmail.com;978.049.960;however onto hmph;once;atop apud;meanwhile;../fake-data/blob/hipster.png;image/png
5;instructive;Lourdes.GarciaValenzuela@yahoo.com;922 904 449;how sans;boldly oh;cautiously when reward;pfft happy;../fake-data/blob/hipster.png;image/png
6;legend;Laura.ReynosoPatino25@hotmail.com;913-717-700;widow decryption;via;whitewash yowza meh;seafood mooch;../fake-data/blob/hipster.png;image/png
7;tragic without;Lorenzo.NavarreteMateo@yahoo.com;995.814.901;ugh;onto;untrue;impish concerned;../fake-data/blob/hipster.png;image/png
8;ah;Conchita.PizarroAgosto@hotmail.com;963-616-365;foolishly ocelot;ultimately commercial how;worth besmirch;lest perfection putrid;../fake-data/blob/hipster.png;image/png
9;hmph;Mayte55@yahoo.com;914.866.716;oh mothball;bar sniff;because;oh phew;../fake-data/blob/hipster.png;image/png
10;waist with absent;Ricardo40@hotmail.com;937 533 288;place;though;any simple;guilt till since;../fake-data/blob/hipster.png;image/png
11;ick courageous;Martin.CarrasquilloNino87@gmail.com;952.753.681;loftily;gym advertisement and;towards phooey tuba;miserable phooey;../fake-data/blob/hipster.png;image/png
12;versus huzzah graceful;Oscar13@gmail.com;994 641 411;immediate energetic equally;detective;until negative phooey;meh;../fake-data/blob/hipster.png;image/png
13;during well-made likewise;Pedro.ArellanoGranado59@gmail.com;943 896 148;fooey curly;structure incomplete;where though;worthy masculinize phooey;../fake-data/blob/hipster.png;image/png
14;spattering;Diego_PreciadoUlloa2@gmail.com;985273049;bogus highly whether;guest inquisitively past;huzzah cool baptise;debut humiliating;../fake-data/blob/hipster.png;image/png
15;team gah;Carlota_PortilloAlonzo@yahoo.com;918.247.750;before gown clear-cut;yet so promise;midst too upbeat;trusty;../fake-data/blob/hipster.png;image/png
16;abacus legitimize;Angel58@yahoo.com;911 030 606;by fondly inferior;behind;schlep amongst leading;educated vein awkwardly;../fake-data/blob/hipster.png;image/png
17;react tarry;Jorge_FernandezMiramontes@yahoo.com;926254271;rout;sunbeam bleakly;impanel numeric;bah waist;../fake-data/blob/hipster.png;image/png
18;pigsty overreact;Luis10@gmail.com;950 688 858;mid igloo shinny;in clearly;pish;entry;../fake-data/blob/hipster.png;image/png
19;very mid;Catalina.CasaresLeiva@hotmail.com;955681818;mostly owlishly;ick cannibalise;once;potentially wealthy;../fake-data/blob/hipster.png;image/png
20;unless cassava;Maricarmen_BravoAcevedo@gmail.com;921.884.030;incidentally er stark;joyously hurtful;eek oh;cool;../fake-data/blob/hipster.png;image/png
21;under;MariaJose_FuentesLedesma@yahoo.com;973 831 127;sway;wholly opposite;modulo provided;apud until positively;../fake-data/blob/hipster.png;image/png
22;trivial absent positively;AnaMaria.AlcantarTafoya@hotmail.com;994991159;deduce blah rapidly;negative ill;within vast;coop firsthand;../fake-data/blob/hipster.png;image/png
23;inside um;Jordi16@gmail.com;992.645.394;humidity;some;different;pish acceptable;../fake-data/blob/hipster.png;image/png
24;meh;Pedro.LuceroTeran42@gmail.com;967.775.173;wallaby an slowly;worthwhile ugh offset;tusk;abaft;../fake-data/blob/hipster.png;image/png
25;kit christen;Gonzalo14@yahoo.com;965.263.047;councilman pronoun seemingly;anenst standard phooey;infatuated aboard;anti;../fake-data/blob/hipster.png;image/png
26;greedily;Irene74@gmail.com;927 598 869;doubter that cease;beneficial premise;emphasise;questioningly orientate before;../fake-data/blob/hipster.png;image/png
27;though brood shipper;Carla.RuelasFonseca50@yahoo.com;945-372-819;circumnavigate an;hurtful meh expert;at;aw;../fake-data/blob/hipster.png;image/png
28;disposer rigidly drat;Catalina.PadronSoria@hotmail.com;931772649;pace wherever surprise;step;gadzooks;pfft ack vivaciously;../fake-data/blob/hipster.png;image/png
29;anneal scent;Reina63@hotmail.com;977-140-747;awkwardly submitter ironclad;yippee;boohoo;scar offend lender;../fake-data/blob/hipster.png;image/png
30;barring muddy sad;Alberto_SierraAltamirano@gmail.com;919-408-709;aircraft accept from;zowie eek yowza;destock;verbally consign;../fake-data/blob/hipster.png;image/png
