id;fecha
1;whether shore
2;fedora eek yet
3;ew lobotomise
4;luck divert
5;or upliftingly
6;expert finally among
7;since nasalise
8;times
9;wherever quizzically
10;hydrolyse shameful voluntarily
11;between versus the
12;squeaky excepting woot
13;battle geez ha
14;but airline
15;tricky chiffonier
16;furthermore
17;er
18;happy whether
19;wry onto
20;gentle
21;however valley phooey
22;pleasure uh-huh unnecessarily
23;strong meh
24;before blah regal
25;up whoever
26;considerate pish plan
27;stealthily given sans
28;if
29;euphonium
30;industrialize
