id;name
1;ack amidst
2;preside however uh-huh
3;including below place
4;mysterious bah
5;bookcase
6;secret
7;geez
8;fund
9;loyally pish
10;avalanche
11;alb remark
12;alongside reassuringly brown
13;naturally
14;via that tag
15;hm nor pleasant
16;hold sympathetically
17;blight yum
18;meh roughly dimly
19;throughout sneak indolent
20;massage
21;up nicely pfft
22;uselessly privilege
23;hm down
24;cruelty
25;ascribe
26;grade opera
27;yum whoa till
28;failing edge unless
29;bookend
30;fray censor inculcate
